timestamp,open,high,low,close,volume
2024-12-28 11:15:00,9.76527254824708e-05,0.0017154777324828,7.44109727258407e-05,0.0014414789546474,503025.698010906
2024-12-28 11:30:00,0.0014414789546474,0.0016478227376114,0.0006542147165623,0.000956006774876,1218346.51556686
2024-12-28 11:45:00,0.000956006774876,0.0023801343586454,0.0008878828021576,0.0018446374789227,738065.69744109
2024-12-28 12:00:00,0.0018446374789227,0.0031146359395209,0.0015190648387482,0.0025680416273519,1052870.7692916
2024-12-28 12:15:00,0.0025680416273519,0.0037906441146147,0.0013818330179068,0.0024352881347173,949612.214664474
2024-12-28 12:30:00,0.0024352881347173,0.0028419298846277,0.0016094925345152,0.0020686165963767,286422.376888546
2024-12-28 12:45:00,0.0020686165963767,0.0022674966829915,0.0008917256919581,0.001283345535974,343705.29715124
2024-12-28 13:00:00,0.001283345535974,0.002967673127704,0.0007357938544776,0.0017575373488441,976591.423122175
2024-12-28 13:15:00,0.0017575373488441,0.0030238843589131,0.0015878451271232,0.0026805670756463,578439.437288775
2024-12-28 13:30:00,0.0026805670756463,0.0034672246811197,0.0020575892163204,0.0024667004070367,438815.707769459
2024-12-28 13:45:00,0.0024667004070367,0.0025408854030277,0.0018085482007474,0.0021079911932165,212064.770902077
2024-12-28 14:00:00,0.0021079911932165,0.0029904690990191,0.0010356023219072,0.0018462921154297,602118.020292743
2024-12-28 14:15:00,0.0018462921154297,0.0023389387731072,0.0015933858527304,0.002153964000983,235764.160242545
2024-12-28 14:30:00,0.002153964000983,0.0029829363757464,0.0017896024812321,0.0029400955371501,309511.791647294
2024-12-28 14:45:00,0.0029400955371501,0.003761146684855,0.001810522652431,0.0031141546801944,482981.54688727
2024-12-28 15:00:00,0.0031141546801944,0.0034775011394866,0.0024448213636879,0.0028999325276847,236766.923488931
2024-12-28 15:15:00,0.0028999325276847,0.0032956604504684,0.002655061116754,0.002892447285178,123523.228427166
2024-12-28 15:30:00,0.002892447285178,0.00303299039915,0.0021813988634382,0.0022426967038826,99196.7165350795
2024-12-28 15:45:00,0.0022426967038826,0.0026955832571379,0.0017719025603299,0.002132401079873,201186.242412264
2024-12-28 16:00:00,0.002132401079873,0.0023679442165092,0.0015326346518612,0.0017244421859532,149892.200979373
2024-12-28 16:15:00,0.0017244421859532,0.0019846202983141,0.0011892026231157,0.0013453745242886,271745.102575647
2024-12-28 16:30:00,0.0013453745242886,0.0018919795306357,0.0012145585863115,0.0015453136954459,218041.573490774
2024-12-28 16:45:00,0.0015453136954459,0.0017919065449835,0.0012591674580841,0.0013869331374665,116407.324126817
2024-12-28 17:00:00,0.0013869331374665,0.0013869331374665,0.0011268344207944,0.0012246694910899,73675.6722943754
2024-12-28 17:15:00,0.0012246694910899,0.0016544242992278,0.00121183316369,0.0015881830402459,89903.6220918149
2024-12-28 17:30:00,0.0015881830402459,0.0030200277677317,0.0015881830402459,0.0023550681613931,287379.303176826
2024-12-28 17:45:00,0.0023550681613931,0.0028487643454548,0.0019855812711234,0.0023481507335362,214863.397601815
2024-12-28 18:00:00,0.0023481507335362,0.002538132141719,0.0016966471217062,0.0019933938336378,129873.028443996
2024-12-28 18:15:00,0.0019933938336378,0.002723051370831,0.0019701453609964,0.0023651738404612,94747.2335327106
2024-12-28 18:30:00,0.0023651738404612,0.0030012355049737,0.0020973524977936,0.0023131512896837,73828.9971331845
2024-12-28 18:45:00,0.0023131512896837,0.0023284570095798,0.0017343309542392,0.0017556487286432,56127.7563834099
2024-12-28 19:00:00,0.0017556487286432,0.0019352258797139,0.0014148242167719,0.0016118032373584,131626.763753
2024-12-28 19:15:00,0.0016118032373584,0.0025238825137679,0.0015982882080553,0.0018826079055584,93042.9999118465
2024-12-28 19:30:00,0.0018826079055584,0.0020076347405763,0.0017248886471075,0.0019868134456599,28433.4865473412
2024-12-28 19:45:00,0.0019868134456599,0.0021226350481457,0.0015529403280971,0.0018886996818788,65528.0098046348
2024-12-28 20:00:00,0.0018886996818788,0.0021396130667351,0.0018614044930144,0.0019989657520516,44951.4889231466
2024-12-28 20:15:00,0.0019989657520516,0.0024200803787905,0.0019959309824646,0.0020883746723816,45391.7972476857
2024-12-28 20:30:00,0.0020883746723816,0.0026108969358445,0.0020883746723816,0.0021229789054435,64060.6362403665
2024-12-28 20:45:00,0.0021229789054435,0.0021359872201397,0.0018026386096847,0.0018749815807967,23907.5800550833
2024-12-28 21:00:00,0.0018749815807967,0.0020488783884084,0.001840363568214,0.0019820496719093,25219.4491145361
2024-12-28 21:15:00,0.0019820496719093,0.0020011704115917,0.0016362672400889,0.0017805949229838,32866.5164700745
2024-12-28 21:30:00,0.0017805949229838,0.0020194647764428,0.0016672268828365,0.0017405100288739,32956.8323344811
2024-12-28 21:45:00,0.0017405100288739,0.001847066949508,0.0016748535390877,0.0017544194971509,21537.1119765473
2024-12-28 22:00:00,0.0017544194971509,0.0017784317423184,0.0012854662778266,0.0015144570260145,53659.881317883
2024-12-28 22:15:00,0.0015144570260145,0.001874372236759,0.0013820204502475,0.0017237075052831,65658.2829006263
2024-12-28 22:30:00,0.0017237075052831,0.0019252338354502,0.0017008331163803,0.0018719139600033,23541.1635576635
2024-12-28 22:45:00,0.0018719139600033,0.0019103919094352,0.0015098909898421,0.0018188987125539,42713.4915643461
2024-12-28 23:00:00,0.0018188987125539,0.0018188987125539,0.0016080148809977,0.0017111298603913,24905.8129551069
2024-12-28 23:15:00,0.0017111298603913,0.0017916877036625,0.0016530491028874,0.0016837050003645,12765.6949493919
2024-12-28 23:30:00,0.0016837050003645,0.0016911483272784,0.0014522834016911,0.001501202446137,13894.7041177479
2024-12-28 23:45:00,0.001501202446137,0.0017276961197026,0.001487857756179,0.0017259641865659,12850.4554372294
2024-12-29 00:00:00,0.0017259641865659,0.0020655912779189,0.0017135573797859,0.0018453107169554,41756.2966905467
2024-12-29 00:15:00,0.0018453107169554,0.0022334601882224,0.0018236810927648,0.001997743070453,42797.8112462622
2024-12-29 00:30:00,0.001997743070453,0.0021149156089148,0.0018363262293271,0.0018797664692415,25796.7347616431
2024-12-29 00:45:00,0.0018797664692415,0.0020132221168651,0.0017992559838637,0.0018231380495233,18625.8387318484
2024-12-29 01:00:00,0.0018231380495233,0.002058359356047,0.0017216368822375,0.0020460817724302,19956.8718665084
2024-12-29 01:15:00,0.0020460817724302,0.0025454695262593,0.0019390472126992,0.0023683459300925,69815.337651181
2024-12-29 01:30:00,0.0023683459300925,0.0030319471970937,0.0021531482011946,0.0026936611308772,97536.8818973206
2024-12-29 01:45:00,0.0026936611308772,0.0029186735962625,0.0025038904697729,0.0027708330376029,53723.404334195
2024-12-29 02:00:00,0.0027708330376029,0.0030001068899309,0.0022252942375923,0.0024874516618724,84206.3296628917
2024-12-29 02:15:00,0.0024874516618724,0.0025897014756697,0.0022319067909281,0.0022319067909281,34684.2553467263
2024-12-29 02:30:00,0.0022319067909281,0.0022411216840686,0.0019189195188464,0.0019730167740609,27267.2113921598
2024-12-29 02:45:00,0.0019730167740609,0.0025924507989096,0.0018979169453179,0.0025694253492121,46905.576315274
2024-12-29 03:00:00,0.0025694253492121,0.0025752584393026,0.0019509675763468,0.0020215530330569,36237.5051190103
2024-12-29 03:15:00,0.0020215530330569,0.0020445502486653,0.0018531578131259,0.0020093394788884,32214.7566906082
2024-12-29 03:30:00,0.0020093394788884,0.0020509516659298,0.0017637509967652,0.0019209068287945,31432.3934208693
2024-12-29 03:45:00,0.0019209068287945,0.0019843192419044,0.0016620250220581,0.0018495583426652,30741.9147744428
2024-12-29 04:00:00,0.0018495583426652,0.0019715590009309,0.0015106864217847,0.0018277524981334,79185.8871086102
2024-12-29 04:15:00,0.0018277524981334,0.0018668407213127,0.0016478383212292,0.001860498023401,28747.9443385696
2024-12-29 04:30:00,0.001860498023401,0.0020911954577218,0.0018591796591452,0.0019749968806289,33616.9830324219
2024-12-29 04:45:00,0.0019749968806289,0.0019856961098745,0.001867737575128,0.001867737575128,13829.9906291386
2024-12-29 05:00:00,0.001867737575128,0.001867737575128,0.0016249397583864,0.0017246519498473,27115.0531407682
2024-12-29 05:15:00,0.0017246519498473,0.0018844253230824,0.0015875253357818,0.0018191010298041,26378.723466172
2024-12-29 05:30:00,0.0018191010298041,0.0018369483530835,0.001701089715828,0.0018314577665768,12265.382644904
2024-12-29 05:45:00,0.0018314577665768,0.0024591941662631,0.0018314577665768,0.0022953252241694,61198.8521306883
2024-12-29 06:00:00,0.0022953252241694,0.0027808555914448,0.0020544670144295,0.0020685766835376,67531.9186530312
2024-12-29 06:15:00,0.0020685766835376,0.0023094526147825,0.0020428575796289,0.0022363988849022,26417.6161252597
2024-12-29 06:30:00,0.0022363988849022,0.002605243558374,0.0020350638979933,0.0026039345584117,33040.2818665985
2024-12-29 06:45:00,0.0026039345584117,0.0027503823887357,0.0022701179377754,0.0024886917480291,26931.3504139548
2024-12-29 07:00:00,0.0024886917480291,0.0030515818217383,0.0023184800916952,0.0027731287412542,98203.0744233767
2024-12-29 07:15:00,0.0027731287412542,0.0027980110595017,0.0025154462149539,0.0026839995524785,38124.2969732459
2024-12-29 07:30:00,0.0026839995524785,0.0038808425679862,0.0026839995524785,0.0029791320593801,419219.435367597
2024-12-29 07:45:00,0.0029791320593801,0.0056066385588604,0.0028108012582508,0.0046622902065757,864001.289597522
2024-12-29 08:00:00,0.0046622902065757,0.0054272890663711,0.0040427383301154,0.0041677932498926,479848.889601087
2024-12-29 08:15:00,0.0041677932498926,0.0045160098828096,0.0035762771565005,0.0041277717067663,201837.890539986
2024-12-29 08:30:00,0.0041277717067663,0.0045647846669479,0.003718930561321,0.0043853554451553,124999.832170223
2024-12-29 08:45:00,0.0043853554451553,0.00705442194926,0.0043159814582369,0.0055370377037575,534947.076845401
2024-12-29 09:00:00,0.0055370377037575,0.0060849980693173,0.0047549423785479,0.0055284771858667,260175.195047078
2024-12-29 09:15:00,0.0055284771858667,0.0056224933097536,0.0041670429756836,0.0043820290920947,252899.765958298
2024-12-29 09:30:00,0.0043820290920947,0.0050160356703809,0.0043309371049698,0.0045754160334365,154729.38251377
2024-12-29 09:45:00,0.0045754160334365,0.0047609808030815,0.0040641399869171,0.0040853755635586,160704.037938618
2024-12-29 10:00:00,0.0040853755635586,0.0047474949422931,0.0039780467434102,0.0042428836962794,123993.814641883
2024-12-29 10:15:00,0.0042428836962794,0.0043904241908485,0.0035515714478739,0.0040019071903194,127628.435296445
2024-12-29 10:30:00,0.0040019071903194,0.004088629491292,0.003493046300696,0.003595628707018,120645.757940919
2024-12-29 10:45:00,0.003595628707018,0.0037479179096922,0.0032682609798032,0.0033567933653652,138574.120865556
2024-12-29 11:00:00,0.0033567933653652,0.0039943525271752,0.0033207972902163,0.0039713507351091,94496.8248479849
2024-12-29 11:15:00,0.0039713507351091,0.0043568005801866,0.0036899725775138,0.0043450311071497,106960.9449176
2024-12-29 11:30:00,0.0043450311071497,0.0047665317393227,0.0039281212860833,0.0045594988271584,129628.988112342
2024-12-29 11:45:00,0.0045594988271584,0.0048674037869492,0.0039316883035776,0.0041984958258575,92478.6390619841
2024-12-29 12:00:00,0.0041984958258575,0.0044426215074645,0.003921056252772,0.003925242533793,54766.8130675141
2024-12-29 12:15:00,0.003925242533793,0.0049266406985253,0.0039119869259592,0.0044695469676471,59417.2071024143
2024-12-29 12:30:00,0.0044695469676471,0.0047291091699357,0.0043546970663783,0.004710747246768,37633.4320054413
2024-12-29 12:45:00,0.004710747246768,0.0048443051246681,0.0043386746065629,0.004816969978509,51365.1292495404
2024-12-29 13:00:00,0.004816969978509,0.0056868890496147,0.0047207949645779,0.0051004700065697,111328.645783647
2024-12-29 13:15:00,0.0051004700065697,0.005129228632291,0.0042899366987396,0.0044010252494145,71553.2586420093
2024-12-29 13:30:00,0.0044010252494145,0.004426081788332,0.0038381179182956,0.0039222112079143,52732.0813316181
2024-12-29 13:45:00,0.0039222112079143,0.0043439347005495,0.003582842964256,0.0041039321124446,86030.2297152621
2024-12-29 14:00:00,0.0041039321124446,0.0045724792597446,0.0040955857621865,0.004325027084105,37875.1163331128
2024-12-29 14:15:00,0.004325027084105,0.0045713868728514,0.0043242827904951,0.0043948882288648,22450.8303913698
2024-12-29 14:30:00,0.0043948882288648,0.0045793569296298,0.00412351759968,0.0044814831185828,60044.7492459536
2024-12-29 14:45:00,0.0044814831185828,0.0045394406520822,0.0038400041757935,0.0038412806783406,69537.5375553455
2024-12-29 15:00:00,0.0038412806783406,0.0045200658538523,0.0038164608375269,0.0044323970469218,56601.8311801703
2024-12-29 15:15:00,0.0044323970469218,0.0054371751349942,0.0043616913248568,0.0048911938712759,64272.5027117685
2024-12-29 15:30:00,0.0048911938712759,0.0054713900443509,0.0045624485450321,0.0051442851625958,85053.4435540967
2024-12-29 15:45:00,0.0051442851625958,0.0056549854315438,0.0047053173113006,0.0050560101909487,103150.358054858
2024-12-29 16:00:00,0.0050560101909487,0.0051242019401123,0.0044055121300932,0.0049495226863363,52403.4226711677
2024-12-29 16:15:00,0.0049495226863363,0.0050727300685984,0.0042851212669733,0.0045367174975304,50320.2021272033
2024-12-29 16:30:00,0.0045367174975304,0.0047071486887851,0.0038207690937932,0.0040120724290756,175192.842619488
2024-12-29 16:45:00,0.0040120724290756,0.0043191367073345,0.0037723379658801,0.0041317242132247,66733.1925951188
2024-12-29 17:00:00,0.0041317242132247,0.0049448318037265,0.003800634529141,0.0044465061812777,89189.7607154433
2024-12-29 17:15:00,0.0044465061812777,0.005190556404429,0.0043551358514069,0.0045240537975179,77770.26548751
2024-12-29 17:30:00,0.0045240537975179,0.004561285142422,0.0040421214979733,0.0041797651790767,43458.8552974891
2024-12-29 17:45:00,0.0041797651790767,0.0044616313776837,0.0038946710259591,0.0042953504999408,46856.305826572
2024-12-29 18:00:00,0.0042953504999408,0.0043811695515307,0.0041095342104352,0.0041495493991474,19895.8755177675
2024-12-29 18:15:00,0.0041495493991474,0.0042935385020382,0.0037761971468263,0.0038660591903073,20217.4816160024
2024-12-29 18:30:00,0.0038660591903073,0.0040766618252495,0.0037339459991859,0.0039872196557244,25730.2734468972
2024-12-29 18:45:00,0.0039872196557244,0.0040415765095868,0.0037811057279041,0.0040261865955639,22491.4699638283
2024-12-29 19:00:00,0.0040261865955639,0.0040660623178124,0.00392366093316,0.0040309070537147,9495.24555059712
2024-12-29 19:15:00,0.0040309070537147,0.0040815087507819,0.0038119617184584,0.0038752483061512,20765.2753814673
2024-12-29 19:30:00,0.0038752483061512,0.0040798970634963,0.00377677471445,0.0040613694328268,16380.4309568702
2024-12-29 19:45:00,0.0040613694328268,0.0041527463237544,0.004033559042469,0.0040505933577346,6078.21466449514
2024-12-29 20:00:00,0.0040505933577346,0.0040809479817057,0.0037698586922545,0.0038376932555891,17784.2493965845
2024-12-29 20:15:00,0.0038376932555891,0.0038568363840194,0.0035012138885613,0.0036595500869256,36389.4014213566
2024-12-29 20:30:00,0.0036595500869256,0.0036842217628741,0.0026545598042577,0.0029742796574438,128318.952177841
2024-12-29 20:45:00,0.0029742796574438,0.0031596219384628,0.0025309167296591,0.0026278866926898,127123.761719587
2024-12-29 21:00:00,0.0026278866926898,0.0028063075718181,0.0025078576522202,0.002564930879358,55666.9443048665
2024-12-29 21:15:00,0.002564930879358,0.0029260131359658,0.0019428551852936,0.0020413902860209,225080.588515055
2024-12-29 21:30:00,0.0020413902860209,0.0027273996940537,0.0019952748911967,0.0025425593936449,107317.006320858
2024-12-29 21:45:00,0.0025425593936449,0.0026465515239348,0.0023508633037391,0.0024581011802883,43238.2391638201
2024-12-29 22:00:00,0.0024581011802883,0.0026850886387573,0.0021788134727913,0.0022075744722477,50636.6539302067
2024-12-29 22:15:00,0.0022075744722477,0.0028813918341437,0.0022057751162466,0.0026220734531322,58112.1365282149
2024-12-29 22:30:00,0.0026220734531322,0.0028317183447245,0.0026004421488336,0.0026923159821049,28224.9654590234
2024-12-29 22:45:00,0.0026923159821049,0.0027281534930224,0.0025416043795924,0.0025663437788546,10550.2225052236
2024-12-29 23:00:00,0.0025663437788546,0.0027008296452464,0.0024677565184345,0.0026787741561173,20591.4000735521
2024-12-29 23:15:00,0.0026787741561173,0.0031142031280909,0.0026787741561173,0.0029249133427097,64258.5335349929
2024-12-29 23:30:00,0.0029249133427097,0.0033116163926143,0.0027475262518956,0.0030231964241368,48710.3061121455
2024-12-29 23:45:00,0.0030231964241368,0.0033370945673831,0.0027765153250695,0.0028317241567923,41793.586837567
2024-12-30 00:00:00,0.0028317241567923,0.0031517087635808,0.0028020609333885,0.0030087620441145,20376.4931386875
2024-12-30 00:15:00,0.0030087620441145,0.0037705773331414,0.0029885501157468,0.0035445731135068,53916.6311303871
2024-12-30 00:30:00,0.0035445731135068,0.0039304469698695,0.00337516245138,0.0034421480147171,65592.4964130895
2024-12-30 00:45:00,0.0034421480147171,0.0034547312873906,0.0031133983357846,0.0032976977115074,25573.6188955721
2024-12-30 01:00:00,0.0032976977115074,0.0037087828421589,0.003265664192929,0.003265664192929,26192.7765683072
2024-12-30 01:15:00,0.003265664192929,0.003265664192929,0.0029346522827684,0.0031158248677446,22797.2387735153
2024-12-30 01:30:00,0.0031158248677446,0.0034298122250144,0.0030972892542275,0.0033496223941193,17589.9765391275
2024-12-30 01:45:00,0.0033496223941193,0.0035272365785757,0.003141331531923,0.0032865429060664,23555.7744832966
2024-12-30 02:00:00,0.0032865429060664,0.0038550851800605,0.0032865429060664,0.0035873355166082,49345.4656494216
2024-12-30 02:15:00,0.0035873355166082,0.0036325019430305,0.003388144531867,0.0035119525758064,18859.0509458783
2024-12-30 02:30:00,0.0035119525758064,0.0036745235688017,0.0035109385699604,0.0035506028677404,8359.04887846556
2024-12-30 02:45:00,0.0035506028677404,0.0040479012169493,0.0035389599359264,0.0038662913370337,28820.1223482012
2024-12-30 03:00:00,0.0038662913370337,0.0038840351130942,0.0032071866508364,0.0032421829594682,41545.4977459872
2024-12-30 03:15:00,0.0032421829594682,0.0034762881767389,0.0031814884154301,0.0031885155824309,23540.6281190758
2024-12-30 03:30:00,0.0031885155824309,0.0032004685069028,0.0019477976103486,0.0027958481973393,145187.129805103
2024-12-30 03:45:00,0.0027958481973393,0.003318279815843,0.0026056077332953,0.0032450243370625,66915.010535901
2024-12-30 04:00:00,0.0032450243370625,0.0036877489129562,0.0029615225519643,0.0032357081808296,48687.2917181972
2024-12-30 04:15:00,0.0032357081808296,0.0032357081808296,0.0027509217968846,0.0027585982643284,34539.8181514682
2024-12-30 04:30:00,0.0027585982643284,0.0027931661423118,0.0023207897083797,0.002670403666048,99933.5156558289
2024-12-30 04:45:00,0.002670403666048,0.0028082396562327,0.0018568845300961,0.0024484227258683,108478.103880497
2024-12-30 05:00:00,0.0024484227258683,0.0026569506024229,0.0024080221944422,0.0025222311015268,37955.8419763444
2024-12-30 05:15:00,0.0025222311015268,0.0025826311614399,0.0023257138721927,0.0024417015911534,24958.8832394755
2024-12-30 05:30:00,0.0024417015911534,0.0026543111916563,0.0024026584054107,0.0024766105928757,27176.6723280473
2024-12-30 05:45:00,0.0024766105928757,0.0028161181281726,0.0024757754908041,0.0027208981341047,35633.9757385587
2024-12-30 06:00:00,0.0027208981341047,0.0040360259118971,0.0027208981341047,0.0033227397091329,129038.266184199
2024-12-30 06:15:00,0.0033227397091329,0.0047952198013255,0.0033072006042028,0.0044545254531797,161208.113687589
2024-12-30 06:30:00,0.0044545254531797,0.0044545254531797,0.0037154175422443,0.0041805827672403,73416.4980074793
2024-12-30 06:45:00,0.0041805827672403,0.0043059252971482,0.0037253002051886,0.0043059252971482,41678.6534271493
2024-12-30 07:00:00,0.0043059252971482,0.0043059252971482,0.0031972241179234,0.0032974695588557,59405.4378842555
2024-12-30 07:15:00,0.0032974695588557,0.0043371022707895,0.0030549315822246,0.0040262107417105,105590.851318076
2024-12-30 07:30:00,0.0040262107417105,0.0040262107417105,0.0034588946838583,0.0034588946838583,26302.4738844595
2024-12-30 07:45:00,0.0034588946838583,0.0037634551785712,0.003387389746138,0.0037184609688688,23715.7294681076
2024-12-30 08:00:00,0.0037184609688688,0.0037811814844168,0.0033887558313679,0.0034322623062613,28116.2178020774
2024-12-30 08:15:00,0.0034322623062613,0.0035347449447873,0.0033386001698458,0.0034411132324145,10673.6709657304
2024-12-30 08:30:00,0.0034411132324145,0.0035683705677056,0.0031435124289705,0.0035300619657724,34626.4509286642
2024-12-30 08:45:00,0.0035300619657724,0.0035459733940223,0.0031746377927431,0.0033656411779235,17491.8338739522
2024-12-30 09:00:00,0.0033656411779235,0.0034679870973718,0.003288878202759,0.0033514161684266,11509.1694105604
2024-12-30 09:15:00,0.0033514161684266,0.0035085623205243,0.0033244732426593,0.0034909787373156,5973.05959339463
2024-12-30 09:30:00,0.0034909787373156,0.0037198170385526,0.0034909787373156,0.0036251216342135,10900.1336898048
2024-12-30 09:45:00,0.0036251216342135,0.0036251216342135,0.0026657287111746,0.0030659844043776,51149.7037797273
2024-12-30 10:00:00,0.0030659844043776,0.00313898982952,0.0029259927516554,0.0031190102660713,22527.8561592294
2024-12-30 10:15:00,0.0031190102660713,0.0032736497559893,0.0030650257166961,0.0032556853129662,17188.6015285401
2024-12-30 10:30:00,0.0032556853129662,0.003363117456606,0.002981685991181,0.003239217332004,26543.9662233256
2024-12-30 10:45:00,0.003239217332004,0.0033965377513517,0.0032359918389144,0.0032969002810838,6867.10938758846
2024-12-30 11:00:00,0.0032969002810838,0.003433886177068,0.0032926180787894,0.0034298525117846,5395.83498367826
2024-12-30 11:15:00,0.0034298525117846,0.0034640948903072,0.00337939198392,0.0034640948903072,3438.48270754548
2024-12-30 11:30:00,0.0034640948903072,0.0035586258198634,0.0033414580112777,0.0033853862764486,13969.6199563423
2024-12-30 11:45:00,0.0033853862764486,0.0034071491677645,0.0032186743487636,0.0032422626430771,10669.2137301663
2024-12-30 12:00:00,0.0032422626430771,0.0034422404260579,0.0030224042438704,0.0034229553456845,28206.1931099771
2024-12-30 12:15:00,0.0034229553456845,0.0038498839376586,0.0033981270454649,0.0035219823215879,36338.5333875445
2024-12-30 12:30:00,0.0035219823215879,0.0038633766702003,0.0033954863547028,0.0037634404286007,25207.9740469307
2024-12-30 12:45:00,0.0037634404286007,0.0037634404286007,0.0036096433542564,0.0036255237910074,7657.4566304662
2024-12-30 13:00:00,0.0036255237910074,0.0037846318410031,0.0035955320695672,0.0037512128488609,14057.1507206115
2024-12-30 13:15:00,0.0037512128488609,0.0039356333808009,0.0034662157876838,0.003573841397414,21098.5629075453
2024-12-30 13:30:00,0.003573841397414,0.0035974262933149,0.0032784704866567,0.0035052351623608,17797.1548843873
2024-12-30 13:45:00,0.0035052351623608,0.0035320564573682,0.003313955378396,0.0033724744347251,6576.68832403683
2024-12-30 14:00:00,0.0033724744347251,0.0033724744347251,0.0030285587961003,0.0032124521610279,21279.1565656413
2024-12-30 14:15:00,0.0032124521610279,0.0033701917177966,0.0031971424658451,0.0033418332472572,13606.8293591678
2024-12-30 14:30:00,0.0033418332472572,0.0033444730467538,0.0031486275665635,0.0031486275665635,12626.6105141719
2024-12-30 14:45:00,0.0031486275665635,0.0031486275665635,0.0030120145256939,0.0031250070191562,13065.492793031
2024-12-30 15:00:00,0.0031250070191562,0.0031250070191562,0.0027383482411792,0.0030634412986063,26973.3799750298
2024-12-30 15:15:00,0.0030634412986063,0.0032313252102616,0.0030634412986063,0.0031948076355025,12208.4695906165
2024-12-30 15:30:00,0.0031948076355025,0.0034065989073533,0.0031911971230426,0.003255297939527,15606.4404623218
2024-12-30 15:45:00,0.003255297939527,0.0033685918234286,0.0029435041043596,0.0030529378663483,31729.2925966005
2024-12-30 16:00:00,0.0030529378663483,0.0032216219689521,0.0027225245199601,0.0030785010933706,35532.1581741709
2024-12-30 16:15:00,0.0030785010933706,0.0030816494226905,0.0025981751870481,0.0027790914387667,48768.4240019406
2024-12-30 16:30:00,0.0027790914387667,0.0028270318502646,0.0025184376989606,0.002714778213729,29093.2376579853
2024-12-30 16:45:00,0.002714778213729,0.0027755079851147,0.0024237982586617,0.0025681283605066,29925.6264239054
2024-12-30 17:00:00,0.0025681283605066,0.0026974855639864,0.0025484641339197,0.0026321644430325,8934.61359495454
2024-12-30 17:15:00,0.0026321644430325,0.0027461199282418,0.0025035551388168,0.0027263097131562,22940.8322570139
2024-12-30 17:30:00,0.0027263097131562,0.0029487816542195,0.0027255994126884,0.0028823152550043,15364.5832649664
2024-12-30 17:45:00,0.0028823152550043,0.0029133348881261,0.00265505242345,0.0027886976594209,17141.4289656428
2024-12-30 18:00:00,0.0027886976594209,0.0029785498733378,0.0027460553691538,0.0029785498733378,8545.30361333456
2024-12-30 18:15:00,0.0029785498733378,0.0031193577785838,0.0029573039191427,0.0030714004986095,14328.8699010153
2024-12-30 18:30:00,0.0030714004986095,0.0030932526977151,0.0029712218140397,0.0029712218140397,4004.79392494745
2024-12-30 18:45:00,0.0029712218140397,0.0030079260453895,0.0029335087099406,0.0029932480260637,4312.88753020026
2024-12-30 19:00:00,0.0029932480260637,0.0030548832335245,0.0028181922663009,0.0030548832335245,13761.8391792874
2024-12-30 19:15:00,0.0030548832335245,0.0030548832335245,0.0028392277480213,0.0028839212280003,4530.69664851166
2024-12-30 19:30:00,0.0028839212280003,0.0029279298907573,0.0028469241973221,0.0028469241973221,3236.12338512202
2024-12-30 19:45:00,0.0028469241973221,0.0028469241973221,0.002643890039393,0.002773460886852,14668.1181871304
2024-12-30 20:00:00,0.002773460886852,0.0029768032114349,0.002773460886852,0.0029768032114349,6343.07758421939
2024-12-30 20:15:00,0.0029768032114349,0.0031257400818493,0.0029203895420064,0.0029855860783499,14581.9792531816
2024-12-30 20:30:00,0.0029855860783499,0.0032212174308733,0.0028452026095327,0.0031234166215513,18201.1840119953
2024-12-30 20:45:00,0.0031234166215513,0.0033792347159485,0.0030772596130083,0.0033203657207135,16752.2444898498
2024-12-30 21:00:00,0.0033203657207135,0.0033637100187103,0.003210271376148,0.003210271376148,4899.36215372054
2024-12-30 21:15:00,0.003210271376148,0.0032351497866831,0.003021602364328,0.0030364718295272,6141.47108588505
2024-12-30 21:30:00,0.0030364718295272,0.0030825501236281,0.0029745054036417,0.0029855021418918,5014.78984525262
2024-12-30 21:45:00,0.0029855021418918,0.0030484023978332,0.0029467652287853,0.0030011351770629,6137.63065516104
2024-12-30 22:00:00,0.0030011351770629,0.0030356687863559,0.0027217606099437,0.0029920121547842,23562.9001479852
2024-12-30 22:15:00,0.0029920121547842,0.0034345728792219,0.0029920121547842,0.0034174909487327,15354.8357919854
2024-12-30 22:30:00,0.0034174909487327,0.0035302775091214,0.0032614947505151,0.0033605483697538,24672.4524755845
2024-12-30 22:45:00,0.0033605483697538,0.003375492940231,0.0029630503825037,0.0030059229357367,18509.4519146916
2024-12-30 23:00:00,0.0030059229357367,0.0032015354630722,0.0030041321202451,0.0031863082442245,9818.66497317117
2024-12-30 23:15:00,0.0031863082442245,0.0033200689383382,0.0029730348818783,0.0030843038262969,15357.5350939377
2024-12-30 23:30:00,0.0030843038262969,0.0030843038262969,0.0028426932250257,0.0029131886078115,10984.1662909959
2024-12-30 23:45:00,0.0029131886078115,0.0032685884753152,0.0029131886078115,0.0031811567497223,16378.2463297055
2024-12-31 00:00:00,0.0031811567497223,0.0033774001814815,0.0030962248212114,0.0033473093451972,16546.0786548539
2024-12-31 00:15:00,0.0033473093451972,0.0034842809212946,0.0031116876121646,0.0032313251951953,19393.5483392104
2024-12-31 00:30:00,0.0032313251951953,0.0032313251951953,0.0031580343596447,0.0031805218336207,3011.10776169213
2024-12-31 00:45:00,0.0031805218336207,0.0031805218336207,0.0030267456703206,0.0030399561838855,7765.75498850022
2024-12-31 01:00:00,0.0030399561838855,0.0032050651454168,0.0029903452801413,0.0031970215487142,9674.07177385983
2024-12-31 01:15:00,0.0031970215487142,0.0034238182213826,0.0031970215487142,0.0032802798582589,21500.962812619
2024-12-31 01:30:00,0.0032802798582589,0.0034268408195184,0.0030145065045856,0.0030948122035205,25321.992932182
2024-12-31 01:45:00,0.0030948122035205,0.0032872225115785,0.0028998888017,0.0029152119811006,31071.76309548
2024-12-31 02:00:00,0.0029152119811006,0.0031133955382215,0.0029152119811006,0.0030940593385818,7945.88520402492
2024-12-31 02:15:00,0.0030940593385818,0.0031142531447618,0.0028303125297841,0.0029603195880792,19187.9704196515
2024-12-31 02:30:00,0.0029603195880792,0.003169241880495,0.0029603195880792,0.0029903653987383,15723.8945449824
2024-12-31 02:45:00,0.0029903653987383,0.0030393358925426,0.0027644362132741,0.0029482804644359,23488.4621176267
2024-12-31 03:00:00,0.0029482804644359,0.003022722285689,0.0026188429189312,0.0028511530472301,36722.6547171423
2024-12-31 03:15:00,0.0028511530472301,0.0032632480745332,0.0027981106188066,0.0032522575232065,33449.3062645015
2024-12-31 03:30:00,0.0032522575232065,0.0033105662058945,0.0030793058394298,0.0031795664248351,16741.5801728066
2024-12-31 03:45:00,0.0031795664248351,0.0033675895774766,0.0030458250877278,0.00320254424919,24406.4184900758
2024-12-31 04:00:00,0.00320254424919,0.0034658856088554,0.00320254424919,0.0032567543264265,24123.2901965428
2024-12-31 04:15:00,0.0032567543264265,0.0033806045820456,0.0031497819231257,0.0033079529507322,10711.1707832693
2024-12-31 04:30:00,0.0033079529507322,0.0033275972509635,0.0032379428858842,0.0033189161009556,5492.9531863511
2024-12-31 04:45:00,0.0033189161009556,0.0033189161009556,0.003084391211838,0.0031316714271282,13006.9655294693
2024-12-31 05:00:00,0.0031316714271282,0.0033319300344845,0.0031292672445398,0.0033275663653383,5824.93749023664
2024-12-31 05:15:00,0.0033275663653383,0.0034103684998783,0.0031394071454104,0.0032826804511359,11490.5206697278
2024-12-31 05:30:00,0.0032826804511359,0.0032826804511359,0.003134220805469,0.003239354982014,7148.03262129396
2024-12-31 05:45:00,0.003239354982014,0.0035848150057738,0.003239354982014,0.0034915275012199,27218.0341653177
2024-12-31 06:00:00,0.0034915275012199,0.0035781481864959,0.0032472476178878,0.0033454311280514,31180.3166355454
2024-12-31 06:15:00,0.0033454311280514,0.0033454311280514,0.0030429482696958,0.003092872606103,16422.921660691
2024-12-31 06:30:00,0.003092872606103,0.0031274739008798,0.00288432404939,0.0030212048851772,18210.5107420064
2024-12-31 06:45:00,0.0030212048851772,0.0030402281093563,0.0027114065181528,0.0030304050604976,32426.6640047468
2024-12-31 07:00:00,0.0030304050604976,0.0030431922587523,0.0026386887443698,0.0028135878906876,40034.694534642
2024-12-31 07:15:00,0.0028135878906876,0.0029531517111903,0.0027455460417086,0.0028622320530241,14494.4918131072
2024-12-31 07:30:00,0.0028622320530241,0.0028964467452528,0.0027215475721283,0.0028916333071176,12492.5967642417
2024-12-31 07:45:00,0.0028916333071176,0.0031906857290493,0.0028774462056535,0.0029618863956925,25854.1697341721
2024-12-31 08:00:00,0.0029618863956925,0.0029618863956925,0.002870228602637,0.0028780924307067,4739.19484119445
2024-12-31 08:15:00,0.0028780924307067,0.0028780924307067,0.0024762433127567,0.0027351235011604,45925.943463828
2024-12-31 08:30:00,0.0027351235011604,0.0029247891401189,0.0026410578794779,0.0026894447980067,23175.1465508901
2024-12-31 08:45:00,0.0026894447980067,0.0027896460327772,0.0025681266757325,0.0026733474539289,16738.3819691203
2024-12-31 09:00:00,0.0026733474539289,0.0027378768617169,0.002672322026346,0.0027378768617169,3536.91422690228
2024-12-31 09:15:00,0.0027378768617169,0.0028790627958513,0.0027295201318189,0.0028790627958513,6646.11711442352
2024-12-31 09:30:00,0.0028790627958513,0.0031943374811686,0.0027885815652093,0.002988976368951,19526.4796036899
2024-12-31 09:45:00,0.002988976368951,0.0031342741173577,0.0029544337488396,0.0030937607227127,8832.01226292041
2024-12-31 10:00:00,0.0030937607227127,0.0032715151317558,0.0029925229912441,0.0030372122695735,18583.032374392
2024-12-31 10:15:00,0.0030372122695735,0.0031394419493744,0.0030372122695735,0.0031092605305646,4819.17982596817
2024-12-31 10:30:00,0.0031092605305646,0.0031391183297607,0.0030915355626004,0.0030921332129842,2192.2274895648
2024-12-31 10:45:00,0.0030921332129842,0.0031249943896957,0.0030921332129842,0.0031249943896957,704.54524473789
2024-12-31 11:00:00,0.0031249943896957,0.0031739277776849,0.0031040354143096,0.0031528818451379,2244.7696067727
2024-12-31 11:15:00,0.0031528818451379,0.0031528818451379,0.0029554231909961,0.0029698295270245,7796.72066418405
2024-12-31 11:30:00,0.0029698295270245,0.0030509204552692,0.0029698295270245,0.003004030542796,4826.12636819071
2024-12-31 11:45:00,0.003004030542796,0.003004030542796,0.0029023574086881,0.0029359342054162,5786.11761514859
2024-12-31 12:00:00,0.0029359342054162,0.0029609849666544,0.0028990909285429,0.002925151443036,2975.84414891568
2024-12-31 12:15:00,0.002925151443036,0.0030153845278613,0.002925151443036,0.0030153845278613,2172.62124759826
2024-12-31 12:30:00,0.0030153845278613,0.0030197023096423,0.002860427696181,0.0028928532409902,7770.76428118704
2024-12-31 12:45:00,0.0028928532409902,0.0029739949436134,0.0028254425731616,0.0029601855083121,6109.40470192917
2024-12-31 13:00:00,0.0029601855083121,0.0031240708682484,0.0028447242828541,0.0028492347637777,15083.8810417601
2024-12-31 13:15:00,0.0028492347637777,0.0029643128174172,0.0028492347637777,0.0029244801439974,3474.82680542148
2024-12-31 13:30:00,0.0029244801439974,0.0029244801439974,0.0024591688825799,0.0026642520072631,31298.7842948789
2024-12-31 13:45:00,0.0026642520072631,0.0027381407839483,0.0026642520072631,0.0027267885425695,4052.11982624471
2024-12-31 14:00:00,0.0027267885425695,0.0028261337732189,0.0026142378743909,0.0026886671643761,17783.9072376723
2024-12-31 14:15:00,0.0026886671643761,0.0029039272914594,0.0026886671643761,0.0028717699341714,9391.76961640428
2024-12-31 14:30:00,0.0028717699341714,0.0030309196613469,0.002807444559225,0.0029851082186434,11967.7514438649
2024-12-31 14:45:00,0.0029851082186434,0.0030044480049895,0.0027942533534476,0.0028916057542053,13516.5716029612
2024-12-31 15:00:00,0.0028916057542053,0.0029923120214118,0.0027817552254133,0.0027899648679476,9384.97324460606
2024-12-31 15:15:00,0.0027899648679476,0.002862103657053,0.0027899648679476,0.0028552013298941,3489.10170554343
2024-12-31 15:30:00,0.0028552013298941,0.0029415933713586,0.0026352802865698,0.0026642086653838,28295.2237739142
2024-12-31 15:45:00,0.0026642086653838,0.0027510174670286,0.0026058028458794,0.0027274718149257,14650.3230300058
2024-12-31 16:00:00,0.0027274718149257,0.0030953945423204,0.0024496231123089,0.0026085901956824,74342.9142376779
2024-12-31 16:15:00,0.0026085901956824,0.002631031502754,0.0024091864875914,0.0024550183824396,19733.8089135352
2024-12-31 16:30:00,0.0024550183824396,0.0027641370169969,0.0023744502252509,0.0026774782445831,24320.9238854771
2024-12-31 16:45:00,0.0026774782445831,0.002719960939001,0.002668532506139,0.0026802779671708,2742.41889894563
2024-12-31 17:00:00,0.0026802779671708,0.0026904989869331,0.0025717209898669,0.0025855710540643,5314.9163916873
2024-12-31 17:15:00,0.0025855710540643,0.0025975343028402,0.002426082824777,0.0024279227296852,6826.23526004385
2024-12-31 17:30:00,0.0024279227296852,0.0024279227296852,0.002082208157951,0.0023338439096553,45518.6451428428
2024-12-31 17:45:00,0.0023338439096553,0.0023441646929469,0.0021557628988218,0.0022897439380806,15335.2272874504
2024-12-31 18:00:00,0.0022897439380806,0.0028371979956214,0.0022792111138659,0.0026182638646085,37128.8890651098
2024-12-31 18:15:00,0.0026182638646085,0.0027278160798953,0.0022757974458292,0.0023189948212976,28391.7185168894
2024-12-31 18:30:00,0.0023189948212976,0.002354405756706,0.0022681066536183,0.0023071193842867,4238.11264012864
2024-12-31 18:45:00,0.0023071193842867,0.0023361236944616,0.0022544012301592,0.0022634142018857,2675.00415333419
2024-12-31 19:00:00,0.0022634142018857,0.0025430792231096,0.0022501460112622,0.0024664896436675,10650.6322217161
2024-12-31 19:15:00,0.0024664896436675,0.0024664896436675,0.0024230725560777,0.0024230725560777,1036.70547798465
2024-12-31 19:30:00,0.0024230725560777,0.0024436751052395,0.0024131797879203,0.0024152724764632,1215.0910019762
2024-12-31 19:45:00,0.0024152724764632,0.0027152637802819,0.0024136682769422,0.0026689276969165,13479.7089884927
2024-12-31 20:00:00,0.0026689276969165,0.0027545543393594,0.002633142941241,0.002633142941241,5128.58650103136
2024-12-31 20:15:00,0.002633142941241,0.0028319360288233,0.0024080785980807,0.0024232334917445,26721.3440468023
2024-12-31 20:30:00,0.0024232334917445,0.0024232334917445,0.0022678006390243,0.0022943684645356,6487.16861153296
2024-12-31 20:45:00,0.0022943684645356,0.0025306469956052,0.0022943684645356,0.002489422773016,7570.3892220498
2024-12-31 21:00:00,0.002489422773016,0.0024908679968933,0.0024404051085557,0.0024422003981916,1439.28915144693
2024-12-31 21:15:00,0.0024422003981916,0.0024455940088299,0.0022243693013952,0.002271017440462,10040.7268981093
2024-12-31 21:30:00,0.002271017440462,0.0024375155873414,0.002271017440462,0.0023707691963695,5888.79487963543
2024-12-31 21:45:00,0.0023707691963695,0.0024368086334583,0.0023682008579717,0.0024346219490047,2030.14186985251
2024-12-31 22:00:00,0.0024346219490047,0.0024395843651461,0.0024285313168382,0.0024395843651461,138.01595675757
2024-12-31 22:15:00,0.0024395843651461,0.0024523815011461,0.0024215546759609,0.002449578749269,980.93123203807
2024-12-31 22:30:00,0.002449578749269,0.002449578749269,0.0022701368826182,0.0023341558663727,12882.6337260373
2024-12-31 22:45:00,0.0023341558663727,0.0023583357469749,0.0020745281288191,0.0020901771175085,10420.0090358991
2024-12-31 23:00:00,0.0020901771175085,0.0021694591213105,0.0020901771175085,0.0021415691858294,5951.6284263518
2024-12-31 23:15:00,0.0021415691858294,0.0021790839727579,0.0021263507883181,0.0021679640415788,3089.71333587927
2024-12-31 23:30:00,0.0021679640415788,0.0022031791530696,0.0018910429737569,0.0021800050287538,22716.4956656528
2024-12-31 23:45:00,0.0021800050287538,0.0021800050287538,0.0019594056837573,0.0020469014025504,10315.0630351113
2025-01-01 00:00:00,0.0020469014025504,0.0022428947696126,0.0020372202367074,0.0022357044216951,7263.23740155935
2025-01-01 00:15:00,0.0022357044216951,0.0023293886633756,0.0020866279321298,0.0021305087459786,16014.5461962435
2025-01-01 00:30:00,0.0021305087459786,0.0022602434697957,0.0021167897920638,0.002244886622103,4343.68345046448
2025-01-01 00:45:00,0.002244886622103,0.0022698309528581,0.002244886622103,0.0022613461663735,134.59398929294
2025-01-01 01:00:00,0.0022613461663735,0.0023207757563969,0.0022501731050997,0.0023156658149748,3974.31709323413
2025-01-01 01:15:00,0.0023156658149748,0.00232998287618,0.0022878945051754,0.0023149477378054,4138.0628126305
2025-01-01 01:30:00,0.0023149477378054,0.0023149477378054,0.0022721285078052,0.0022753685410962,1913.1690007296
2025-01-01 01:45:00,0.0022753685410962,0.0022753685410962,0.0022074837343497,0.0022094827464946,1510.42561259558
2025-01-01 02:00:00,0.0022094827464946,0.0022094827464946,0.0021659843162322,0.0021805330384208,1723.56059899407
2025-01-01 02:15:00,0.0021805330384208,0.002267227895559,0.002158865899538,0.0022602390326827,4713.98743647485
2025-01-01 02:30:00,0.0022602390326827,0.0024264930570399,0.0022496317136063,0.0023783465696627,12060.6557882962
2025-01-01 02:45:00,0.0023783465696627,0.0024960035167543,0.0020330851671187,0.0021726238415658,46026.4545407761
2025-01-01 03:00:00,0.0021726238415658,0.0023946885933008,0.002116439307943,0.0022777122217153,15888.3249238629
2025-01-01 03:15:00,0.0022777122217153,0.0022777122217153,0.0020631229392429,0.0021590826725237,11037.2633260723
2025-01-01 03:30:00,0.0021590826725237,0.0022015066617723,0.0021379114761378,0.0021965168600013,3699.58541502662
2025-01-01 03:45:00,0.0021965168600013,0.0022145863266382,0.0021817147193721,0.0022043348486065,1145.70162765429
2025-01-01 04:00:00,0.0022043348486065,0.0022165392715345,0.0020525967529826,0.0021575971638227,13081.3654952875
2025-01-01 04:15:00,0.0021575971638227,0.0021575971638227,0.0019071240766434,0.0020088137595742,28474.9901039606
2025-01-01 04:30:00,0.0020088137595742,0.0021265006011393,0.0019672864146505,0.0020907916172729,9638.79822337206
2025-01-01 04:45:00,0.0020907916172729,0.0021409272307177,0.0020906340447956,0.0021409272307177,4235.13558193005
2025-01-01 05:00:00,0.0021409272307177,0.0021835945735574,0.002123822900678,0.0021676768748325,5178.40148538853
2025-01-01 05:15:00,0.0021676768748325,0.0021676768748325,0.0021050436619325,0.0021050436619325,2462.61711979674
2025-01-01 05:30:00,0.0021050436619325,0.0021050436619325,0.0020373678001544,0.0020501312334136,2529.32967703893
2025-01-01 05:45:00,0.0020501312334136,0.0020501312334136,0.0018888070422611,0.0018953043268923,13771.400034048
2025-01-01 06:00:00,0.0018953043268923,0.0019690675222037,0.0018355502313861,0.0019306813460746,22429.5119797473
2025-01-01 06:15:00,0.0019306813460746,0.0020111703471852,0.0018226435462475,0.0019272672489371,14423.766751754
2025-01-01 06:30:00,0.0019272672489371,0.0021273316458712,0.0019250592728582,0.002010038820415,14980.7291846401
2025-01-01 06:45:00,0.002010038820415,0.0020270945598591,0.0019580314830367,0.0019580314830367,4566.22107932809
2025-01-01 07:00:00,0.0019580314830367,0.0020089592090679,0.0019313655653702,0.0019920254885135,8362.58722909388
2025-01-01 07:15:00,0.0019920254885135,0.0021167900331153,0.0019861545742026,0.002095713443477,5933.736315179
2025-01-01 07:30:00,0.002095713443477,0.002095713443477,0.0020676913692983,0.0020778851511427,1292.70587897284
2025-01-01 07:45:00,0.0020778851511427,0.0022639930405827,0.0020778851511427,0.0022262235569777,10995.6581524768
2025-01-01 08:00:00,0.0022262235569777,0.0022564785239723,0.0018592043829087,0.0019199208397502,23936.1895158132
2025-01-01 08:15:00,0.0019199208397502,0.0022820361281562,0.0018248706039201,0.0021691420894171,29174.8374232471
2025-01-01 08:30:00,0.0021691420894171,0.0023673234360628,0.0019619787511619,0.0020475169141236,22134.1642586091
2025-01-01 08:45:00,0.0020475169141236,0.0020769888129806,0.0019290150337938,0.0019334477183302,9038.38448562745
2025-01-01 09:00:00,0.0019334477183302,0.0020506546640886,0.0019177861505789,0.0019605251776529,10443.2401087348
2025-01-01 09:15:00,0.0019605251776529,0.0020426699300718,0.0019512075280502,0.0020426699300718,5831.73711808042
2025-01-01 09:30:00,0.0020426699300718,0.0020895854976172,0.0018941010718057,0.0020853988278633,17376.6690410907
2025-01-01 09:45:00,0.0020853988278633,0.0023283987065304,0.0020486133648312,0.0022725283739041,15724.4572039466
2025-01-01 10:00:00,0.0022725283739041,0.0022940191220983,0.0021993297014315,0.0021994821878049,3728.6803954425
2025-01-01 10:15:00,0.0021994821878049,0.0022065355454392,0.0021488954889566,0.0021488954889566,2208.46047851828
2025-01-01 10:30:00,0.0021488954889566,0.0022745322014045,0.0021429933454692,0.0022735586154202,3918.29569697915
2025-01-01 10:45:00,0.0022735586154202,0.0023093435154925,0.0022735586154202,0.0023002854449274,1959.04817917566
2025-01-01 11:00:00,0.0023002854449274,0.0023002854449274,0.0022692430436726,0.0022751450000867,1552.85360598917
2025-01-01 11:15:00,0.0022751450000867,0.0024368410720723,0.0022751450000867,0.002406697208178,5508.69104452435
2025-01-01 11:30:00,0.002406697208178,0.0025134973926088,0.0023977909547915,0.0025118189253125,4992.58577015031
2025-01-01 11:45:00,0.0025118189253125,0.0025359521187149,0.0023379762257005,0.0023720029840083,11689.4800144338
2025-01-01 12:00:00,0.0023720029840083,0.0023720029840083,0.0022644996700458,0.0022735159300879,2030.03574242391
2025-01-01 12:15:00,0.0022735159300879,0.0022850259821249,0.0022347126786349,0.0022848972776786,2638.0715613939
2025-01-01 12:30:00,0.0022848972776786,0.0022848972776786,0.0021703308683097,0.0021709633592355,4613.34984555823
2025-01-01 12:45:00,0.0021709633592355,0.0021938904736445,0.0018855372530116,0.002046771902757,17696.0068696088
2025-01-01 13:00:00,0.002046771902757,0.002046771902757,0.0019136299926742,0.0019458095664662,10602.1209360638
2025-01-01 13:15:00,0.0019458095664662,0.0019722884122903,0.0019338639059722,0.0019508965691412,3242.18764604632
2025-01-01 13:30:00,0.0019508965691412,0.0019659436937374,0.0017443951202818,0.0019635092094584,30526.1998360438
2025-01-01 13:45:00,0.0019635092094584,0.0019635092094584,0.001872319767117,0.0019080343196451,5856.12346099883
2025-01-01 14:00:00,0.0019080343196451,0.0019176481691846,0.0018526553016112,0.0018526553016112,3130.00760126055
2025-01-01 14:15:00,0.0018526553016112,0.0019499080311902,0.0018452027349047,0.0018992031204631,7790.63263074196
2025-01-01 14:30:00,0.0018992031204631,0.0019051209631823,0.0018406887604969,0.001877891123945,5793.30719026193
2025-01-01 14:45:00,0.001877891123945,0.001877891123945,0.0018064880998551,0.0018466570909436,8147.52150418936
2025-01-01 15:00:00,0.0018466570909436,0.0019640802622935,0.0018466570909436,0.0018598290771404,11090.0592216006
2025-01-01 15:15:00,0.0018598290771404,0.001881126061458,0.0018001323071492,0.0018036847144537,4028.62515410211
2025-01-01 15:30:00,0.0018036847144537,0.0018655167633003,0.0016346752980634,0.0018633870253771,19953.2760398032
2025-01-01 15:45:00,0.0018633870253771,0.0019105406414426,0.0018367854455085,0.0018898941081238,10422.5004874469
2025-01-01 16:00:00,0.0018898941081238,0.0018922248828748,0.0017198051496631,0.0017688645335924,9935.47668684087
2025-01-01 16:15:00,0.0017688645335924,0.0018023550956405,0.0017255181278523,0.0017357667321411,8558.68094299555
2025-01-01 16:30:00,0.0017357667321411,0.0018625783847879,0.0016494282006479,0.0018572775668978,17193.5317889142
2025-01-01 16:45:00,0.0018572775668978,0.0019185522975437,0.0018111660412976,0.0018439074587625,11121.0935273133
2025-01-01 17:00:00,0.0018439074587625,0.0018468433777946,0.0017108689839619,0.0018203048151921,9517.47602742918
2025-01-01 17:15:00,0.0018203048151921,0.0018229238318522,0.0016082137046354,0.0016725881462894,15703.7103710632
2025-01-01 17:30:00,0.0016725881462894,0.0017078774819404,0.0016609180567693,0.001673581558942,4969.51881685507
2025-01-01 17:45:00,0.001673581558942,0.0018651394044584,0.0016019481868764,0.0016756837467011,30467.4577353448
2025-01-01 18:00:00,0.0016756837467011,0.0017588020010929,0.0013093462057182,0.0014779452143931,68282.116910453
2025-01-01 18:15:00,0.0014779452143931,0.0016205792442806,0.0014722412281916,0.0015909695607866,12059.6533255343
2025-01-01 18:30:00,0.0015909695607866,0.0016581224054497,0.0015546927795183,0.0015546927795183,7863.74950728184
2025-01-01 18:45:00,0.0015546927795183,0.001912708394541,0.0015091784617454,0.0015552964731545,27222.5192843997
2025-01-01 19:00:00,0.0015552964731545,0.0016167983092914,0.0015505460947212,0.0016084520183375,3889.70409127236
2025-01-01 19:15:00,0.0016084520183375,0.0016084520183375,0.0015432780900604,0.0015829271535024,5294.58609809373
2025-01-01 19:30:00,0.0015829271535024,0.0016476758580607,0.0015671803931228,0.001618582802623,4103.14040294366
2025-01-01 19:45:00,0.001618582802623,0.001621047586027,0.0015636579924713,0.0015636579924713,2349.68842825232
2025-01-01 20:00:00,0.0015636579924713,0.0016128642126748,0.0015636579924713,0.0015980731795345,3202.18255925896
2025-01-01 20:15:00,0.0015980731795345,0.0016059532347712,0.0015652979252995,0.0016046233204475,4500.48721512688
2025-01-01 20:30:00,0.0016046233204475,0.0016154744270313,0.0015794707527325,0.0015794707527325,2704.85745593464
2025-01-01 20:45:00,0.0015794707527325,0.0015794707527325,0.001314486885754,0.0014439454753212,22187.974918455
2025-01-01 21:00:00,0.0014439454753212,0.0015974607686306,0.0011352337367519,0.0013607722628647,61040.304971415
2025-01-01 21:15:00,0.0013607722628647,0.0013703536903487,0.0013328127359396,0.0013434097597262,3392.36800710641
2025-01-01 21:30:00,0.0013434097597262,0.0013557494500787,0.0012134430657741,0.0013149484292366,22122.0316473059
2025-01-01 21:45:00,0.0013149484292366,0.0013572247254873,0.0012954182297827,0.0013527607847119,4015.33264206731
2025-01-01 22:00:00,0.0013527607847119,0.0013709020351391,0.0013280982940777,0.0013668412584385,6526.89739796976
2025-01-01 22:15:00,0.0013668412584385,0.001376001107554,0.0013258707555811,0.0013578398488256,3789.68735795405
2025-01-01 22:30:00,0.0013578398488256,0.0013609995866481,0.0012643290223642,0.001352853385172,7620.55869405647
2025-01-01 22:45:00,0.001352853385172,0.0013704569237468,0.0012072254011307,0.0013134074009982,15631.046110925
2025-01-01 23:00:00,0.0013134074009982,0.0013506093344353,0.0013029355304946,0.0013179094405776,5222.27911586429
2025-01-01 23:15:00,0.0013179094405776,0.0013179094405776,0.0011715799570924,0.0012233689275491,13733.4690618116
2025-01-01 23:30:00,0.0012233689275491,0.0012315300900259,0.0009284563662342,0.0011819463334473,74056.0622109894
2025-01-01 23:45:00,0.0011819463334473,0.001202749385821,0.0010284030397624,0.0010773928073853,16879.5172267432
2025-01-02 00:00:00,0.0010773928073853,0.0012294335479684,0.001066619357044,0.0012227392701162,37606.2295021024
2025-01-02 00:15:00,0.0012227392701162,0.0012825523419416,0.0012227392701162,0.0012825523419416,7808.26676140584
2025-01-02 00:30:00,0.0012825523419416,0.0012825523419416,0.0012236468092955,0.0012396257787519,6767.33385520698
2025-01-02 00:45:00,0.0012396257787519,0.0013785278843983,0.0012179377421066,0.0013724962416515,9950.3331284487
2025-01-02 01:00:00,0.0013724962416515,0.0014017884300736,0.0012990871892336,0.0013758593047053,12625.5849977595
2025-01-02 01:15:00,0.0013758593047053,0.0013758593047053,0.0012862704281701,0.001335925611841,5791.77052240572
2025-01-02 01:30:00,0.001335925611841,0.0014380502615868,0.0012609809249397,0.0014206540327587,15366.6772296309
2025-01-02 01:45:00,0.0014206540327587,0.0015082421781847,0.0014206540327587,0.0014647203345367,5405.39727064569
2025-01-02 02:00:00,0.0014647203345367,0.0021005878803069,0.0013512330021354,0.0019546934965658,49735.6442950098
2025-01-02 02:15:00,0.0019546934965658,0.0019652743865209,0.001724899181538,0.0017485851851254,30018.3566720168
2025-01-02 02:30:00,0.0017485851851254,0.0017485851851254,0.0014633165938873,0.0015137595394427,19473.9121892003
2025-01-02 02:45:00,0.0015137595394427,0.0016561071078588,0.0014747686405261,0.0016561071078588,13827.7954234467
2025-01-02 03:00:00,0.0016561071078588,0.0017877970070302,0.0016204424386519,0.0017780512271484,8140.93773326297
2025-01-02 03:15:00,0.0017780512271484,0.0021569736992523,0.0017563770457813,0.0021569736992523,24294.4831842387
2025-01-02 03:30:00,0.0021569736992523,0.0023768714471487,0.0020657062319864,0.0021700128520026,28755.0698252161
2025-01-02 03:45:00,0.0021700128520026,0.0021700128520026,0.0019396264580349,0.0019511396017667,12194.6244616397
2025-01-02 04:00:00,0.0019511396017667,0.0020716965618529,0.0017893569252982,0.0020340249722592,26156.1992095331
2025-01-02 04:15:00,0.0020340249722592,0.0021691203177468,0.0020340249722592,0.002167756095828,10434.5944473913
2025-01-02 04:30:00,0.002167756095828,0.0022809263720058,0.002116402683703,0.002233300905946,12164.7395581592
2025-01-02 04:45:00,0.002233300905946,0.002542608622406,0.002233300905946,0.0023281209804143,21890.1628153244
2025-01-02 05:00:00,0.0023281209804143,0.0023281209804143,0.0020136854134532,0.0020925534138484,25189.3786932467
2025-01-02 05:15:00,0.0020925534138484,0.0021065457037083,0.0019682718233039,0.0019682718233039,8776.03666346736
2025-01-02 05:30:00,0.0019682718233039,0.0019741556173254,0.0017341972850324,0.0017601110313625,21265.4277974912
2025-01-02 05:45:00,0.0017601110313625,0.001902403030194,0.0017552404846399,0.0018955225316758,5022.18238607887
2025-01-02 06:00:00,0.0019436989571619,0.0019600375944407,0.0019436989571619,0.0019539818089358,451.21321817166
2025-01-02 06:15:00,0.0022044394844021,0.0022270940728304,0.0022044394844021,0.0022215136720759,2227.18662074795
2025-01-02 06:30:00,0.0021045882842023,0.0021176805945701,0.0021045882842023,0.0021176805945701,245.28
2025-01-02 06:45:00,0.0021842838326169,0.0021994011479013,0.0021842838326169,0.0021994011479013,221.52368361662
2025-01-02 07:00:00,0.0022871598893735,0.0022957330636572,0.0022845520886486,0.0022845520886486,418.58053801592
2025-01-02 07:15:00,0.0020670157545135,0.0020777572577695,0.0020670157545135,0.0020777572577695,327.694103
2025-01-02 07:30:00,0.001953224772979,0.001956303118485,0.001953224772979,0.001956303118485,92.646
2025-01-02 07:45:00,0.0018782849924856,0.0018819283959466,0.0018563099279952,0.0018563099279952,1552.84562827466
2025-01-02 08:00:00,0.001762795481264,0.001762795481264,0.0016534167060736,0.0016590116204005,4600.4881768078
2025-01-02 08:15:00,0.0017020099966184,0.0017425296617263,0.0017020099966184,0.0017253029493904,1858.11965095226
2025-01-02 08:30:00,0.0017811861595717,0.0017831099691484,0.0017713125621193,0.0017713125621193,394.39387688856
2025-01-02 08:45:00,0.0019481496806927,0.0019481496806927,0.0018789969532438,0.0018958347734373,2428.89723812337
2025-01-02 09:00:00,0.001926435353287,0.0019508972311877,0.001926435353287,0.0019508972311877,942.920466
2025-01-02 09:15:00,0.0018495647265476,0.0018588636333596,0.0018495647265476,0.0018588636333596,206.49
2025-01-02 09:30:00,0.0019347107034719,0.0019664471317001,0.0019347107034719,0.0019581320862709,1028.60218944175
2025-01-02 09:45:00,0.002004076005458,0.00201868492405353,0.002004076005458,0.00201868492405353,370.30429185397
